{
  "ProductsJsonData": [
    {
      "id": 13,
      "productName": "Moto 5G4",
      "productDescription": "A product description is the marketing copy used to describe a product's value proposition to potential customers. A compelling product description provides customers with details around features, problems it solves and other benefits to help generate a sale. ... A “good” product description will not do",
      "manufacturer": "Moto",
      "price": "12000",
      "quantity": "21",
      "counter": 5
    },
    {
      "id": 14,
      "productName": "Moto 5G5",
      "productDescription": "A product description is the marketing copy used to describe a product's value proposition to potential customers. A compelling product description provides customers with details around features, problems it solves and other benefits to help generate a sale. ... A “good” product description will not do",
      "manufacturer": "Moto",
      "price": "12000",
      "quantity": "1",
      "counter": 0
    },
    {
      "id": 15,
      "productName": "Test",
      "productDescription": "Test",
      "manufacturer": "A product description is the marketing copy used to describe a product's value proposition to potential customers. A compelling product description provides customers with details around features, problems it solves and other benefits to help generate a sale. ... A “good” product description will not do",
      "price": "12222",
      "quantity": "12"
    },
    {
      "productName": "Apple",
      "productDescription": "A product description is the marketing copy used to describe a product's value proposition to potential customers. A compelling product description provides customers with details around features, problems it solves and other benefits to help generate a sale. ... A “good” product description will not do",
      "manufacturer": "Apple",
      "price": "12222",
      "quantity": "122",
      "counter": 0,
      "productID": "2def178a-23fd-4f8f-8d2a-8c8ba57c7d73",
      "id": 16
    }
  ],
  "ProductsJsonDataCart": []
}